<?xml version="1.0" encoding="utf-8"?>
<productData>
   <dependsOn>
      <component>
         <name>SigSync</name>
         <locale/>
         <platformList>
            <platform>glnxa64</platform>
            <platform>maci64</platform>
            <platform>win32</platform>
            <platform>win64</platform>
         </platformList>
         <version>1.2.1</version>
      </component>
   </dependsOn>
   <installerUsage>
      <usage>mcr</usage>
   </installerUsage>
   <isControllingProduct>true</isControllingProduct>
   <platformList>
      <platform>glnxa64</platform>
      <platform>maci64</platform>
      <platform>win32</platform>
      <platform>win64</platform>
   </platformList>
   <productName>SigSync</productName>
   <productNumber>5000</productNumber>
   <productBaseCode>SigSync</productBaseCode>
   <productVersion>1.2.1</productVersion>
   <releaseFamily>R2020a</releaseFamily>
   <releaseDescription>R2020a</releaseDescription>
   <requiredProducts/>
</productData>