<?xml version="1.0" encoding="utf-8"?>
<productAdditionalComps>
   <dependsOn>
      <component>
         <name>SigSync</name>
         <locale/>
         <platformList>
            <platform>maci64</platform>
         </platformList>
         <version>1.2.1</version>
      </component>
   </dependsOn>
   <isControllingProduct>true</isControllingProduct>
   <platform>maci64</platform>
   <productName>SigSync</productName>
   <productNumber>5000</productNumber>
   <productBaseCode>SigSync</productBaseCode>
   <productVersion>1.2.1</productVersion>
   <releaseFamily>R2020a</releaseFamily>
   <releaseDescription>R2020a</releaseDescription>
</productAdditionalComps>