<?xml version="1.0" encoding="utf-8"?>
<ApplicationInstallerManifest>
   <DefaultInstallationDirectory>/Applications/Indiana_University_Bloomington/SigSync/</DefaultInstallationDirectory>
   <ApplicationName>SigSync</ApplicationName>
   <ExecutableName>application/SigSync.exe</ExecutableName>
   <GUID>fdbb99e7-edb4-4ec1-8cc7-d9a8a510ff9f</GUID>
   <ApplicationIcon>default_icon_48.png</ApplicationIcon>
   <Logo>default_logo.png</Logo>
   <Version>1.2.1</Version>
   <InstallationNotes>In the following directions, replace MR/v98 by the directory on the target machine where MATLAB is installed, or MR by the directory where the MATLAB Runtime is installed.

If the environment variable DYLD_LIBRARY_PATH is undefined, set it to the following string:

MR/v98/runtime/maci64:MR/v98/sys/os/maci64:MR/v98/bin/maci64

If it is defined, set it to the following:

${DYLD_LIBRARY_PATH}:MR/v98/runtime/maci64:MR/v98/sys/os/maci64:MR/v98/bin/maci64
</InstallationNotes>
   <AuthorOrganization>Indiana University Bloomington</AuthorOrganization>
   <WelcomePanelText>SigSync 1.2.1

SigSync is an application that allows users to synchronize multiple signals to a video.

Manash K Sahoo
mksahoo@iu.edu</WelcomePanelText>
   <MCRProducts>
      <MCRProduct>
         <ExternalProductIdentifier>35000</ExternalProductIdentifier>
      </MCRProduct>
      <MCRProduct>
         <ExternalProductIdentifier>35010</ExternalProductIdentifier>
      </MCRProduct>
      <MCRProduct>
         <ExternalProductIdentifier>35108</ExternalProductIdentifier>
      </MCRProduct>
      <MCRProduct>
         <ExternalProductIdentifier>35112</ExternalProductIdentifier>
      </MCRProduct>
      <MCRProduct>
         <ExternalProductIdentifier>35117</ExternalProductIdentifier>
      </MCRProduct>
      <MCRProduct>
         <ExternalProductIdentifier>35119</ExternalProductIdentifier>
      </MCRProduct>
      <MCRProduct>
         <ExternalProductIdentifier>35196</ExternalProductIdentifier>
      </MCRProduct>
   </MCRProducts>
</ApplicationInstallerManifest>